IdE,Certificat_d_entretien,CodeMembre
1,2024-02-28 10:00:00,M-034
2,2023-12-20 10:00:00,M-023
3,2023-04-01 10:00:00,M-034
4,2023-08-06 10:00:00,M-035
5,2024-01-08 10:00:00,M-038
6,2023-02-28 10:00:00,M-009
7,2024-09-27 10:00:00,M-018
8,2023-03-12 10:00:00,M-012
9,2023-12-22 10:00:00,M-003
10,2024-10-01 10:00:00,M-027
11,2023-04-25 10:00:00,M-014
12,2024-07-14 10:00:00,M-005
13,2024-06-09 10:00:00,M-009
14,2023-09-30 10:00:00,M-003
15,2023-03-17 10:00:00,M-040
16,2024-11-20 10:00:00,M-033
17,2023-06-12 10:00:00,M-009
18,2024-04-13 10:00:00,M-015
19,2023-02-21 10:00:00,M-012
20,2023-03-22 10:00:00,M-025
21,2023-12-21 10:00:00,M-049
22,2023-04-15 10:00:00,M-020
23,2024-03-14 10:00:00,M-027
24,2024-02-20 10:00:00,M-001
25,2024-03-16 10:00:00,M-046
26,2024-01-20 10:00:00,M-031
27,2024-03-21 10:00:00,M-045
28,2024-11-22 10:00:00,M-024
29,2024-01-20 10:00:00,M-016
30,2024-07-18 10:00:00,M-005
31,2023-12-01 10:00:00,M-040
32,2023-11-28 10:00:00,M-041
33,2023-12-23 10:00:00,M-009
34,2023-04-15 10:00:00,M-015
35,2024-02-06 10:00:00,M-046
36,2024-10-11 10:00:00,M-024
37,2023-11-02 10:00:00,M-023
38,2023-10-14 10:00:00,M-048
39,2024-09-20 10:00:00,M-046
40,2023-05-06 10:00:00,M-012
41,2023-10-15 10:00:00,M-034
42,2024-06-15 10:00:00,M-045
43,2024-11-13 10:00:00,M-024
44,2023-11-09 10:00:00,M-005
45,2023-03-02 10:00:00,M-015
46,2023-12-17 10:00:00,M-034
47,2023-03-31 10:00:00,M-003
48,2024-03-16 10:00:00,M-013
49,2023-01-25 10:00:00,M-040
50,2023-06-22 10:00:00,M-030
