CodeMembre,SIRET
M-037,30614337563458
M-021,94834725844094
M-040,72812831242566
M-019,43010254641127
M-022,87011223638047
M-045,43010254641127
M-003,68969102040506
M-026,70633995599080
M-030,73956768804303
M-023,19764435391822
M-040,73956768804303
M-042,54303171923795
M-021,36363007277500
M-005,97519001168984
M-041,98186097871501
M-016,84065061195883
M-035,64617653245596
M-017,99837680590162
M-023,93267290395097
M-035,40908148254622
M-004,94834725844094
M-023,72812831242566
M-013,30614337563458
M-001,76129918368746
M-014,30614337563458
M-016,99919351645830
M-005,87011223638047
M-020,83164170689820
M-010,72812831242566
M-005,19742402029840
M-044,48782743259660
M-027,53119825144354
M-033,99837680590162
M-018,30614337563458
M-032,32252605217760
M-010,69924717106020
M-004,87011223638047
M-048,43675625217185
M-017,84065061195883
M-009,30614337563458
M-014,99919351645830
M-017,19764435391822
M-012,55343338080901
M-019,54303171923795
M-034,19764435391822
M-040,70633995599080
M-023,42015943701730
M-004,60357359723131
M-011,98186097871501
M-035,30614337563458
